{
  "feature_source": "clip_global",
  "variant": "promptad_state_v1",
  "splits": [
    {
      "split_index": 0,
      "split_seed": 43,
      "best_epoch": 1,
      "best_metric": 0.6327425044091711,
      "normalization_stats": {
        "bottle": {
          "mean": 15.187729835510254,
          "std": 0.45753861752522923
        },
        "cable": {
          "mean": 12.123650646209716,
          "std": 0.5876160902432431
        },
        "capsule": {
          "mean": 13.83099365234375,
          "std": 0.6039163112096547
        },
        "carpet": {
          "mean": 11.830167388916015,
          "std": 0.5435459374189601
        },
        "grid": {
          "mean": 12.837339305877686,
          "std": 0.9179023657634581
        },
        "hazelnut": {
          "mean": 11.768014430999756,
          "std": 0.5323591522528873
        },
        "leather": {
          "mean": 11.839160060882568,
          "std": 0.5081732079336541
        },
        "metal_nut": {
          "mean": 11.55629596710205,
          "std": 0.4739351469642599
        },
        "pill": {
          "mean": 15.596347427368164,
          "std": 0.3236502995511822
        },
        "screw": {
          "mean": 12.891003322601318,
          "std": 0.6725088998662538
        },
        "tile": {
          "mean": 8.04493761062622,
          "std": 0.3183528836213315
        },
        "toothbrush": {
          "mean": 8.98809986114502,
          "std": 0.6106617524510353
        },
        "transistor": {
          "mean": 18.13738079071045,
          "std": 0.641260901714285
        },
        "wood": {
          "mean": 12.192853832244873,
          "std": 0.4823717706260084
        },
        "zipper": {
          "mean": 9.035706329345704,
          "std": 0.33013109431448745
        }
      }
    },
    {
      "split_index": 1,
      "split_seed": 44,
      "best_epoch": 45,
      "best_metric": 0.7789638447971781,
      "normalization_stats": {
        "bottle": {
          "mean": -2.57705614566803,
          "std": 1.6457161611031146
        },
        "cable": {
          "mean": -4.418650031089783,
          "std": 1.1217730554557495
        },
        "capsule": {
          "mean": -1.6855676352744922,
          "std": 0.7298271218062963
        },
        "carpet": {
          "mean": -3.567746269702911,
          "std": 2.152776075351001
        },
        "grid": {
          "mean": -1.7906312614679336,
          "std": 1.9069875394244127
        },
        "hazelnut": {
          "mean": -6.3563579559326175,
          "std": 1.8556290443651289
        },
        "leather": {
          "mean": -4.1136253595352175,
          "std": 3.2808402831576817
        },
        "metal_nut": {
          "mean": -2.8173946857452394,
          "std": 0.9480120101798548
        },
        "pill": {
          "mean": -1.7027418106794356,
          "std": 1.945093801088439
        },
        "screw": {
          "mean": -1.9015858888626098,
          "std": 2.3105490088590446
        },
        "tile": {
          "mean": -4.1288268804550174,
          "std": 0.8891073264248633
        },
        "toothbrush": {
          "mean": -3.443144237995148,
          "std": 1.657679869010545
        },
        "transistor": {
          "mean": -1.974330374598503,
          "std": 1.527966671034733
        },
        "wood": {
          "mean": -4.972796177864074,
          "std": 0.9221705186906046
        },
        "zipper": {
          "mean": -2.0394583106040955,
          "std": 1.1688748416879429
        }
      }
    },
    {
      "split_index": 2,
      "split_seed": 45,
      "best_epoch": 44,
      "best_metric": 0.8290696649029982,
      "normalization_stats": {
        "bottle": {
          "mean": -2.1503494918346404,
          "std": 0.7930165794642945
        },
        "cable": {
          "mean": -4.08823162317276,
          "std": 2.897652342336024
        },
        "capsule": {
          "mean": -1.54022735953331,
          "std": 1.3630330257640901
        },
        "carpet": {
          "mean": -2.841010069847107,
          "std": 3.087524675625466
        },
        "grid": {
          "mean": -1.9062532365322113,
          "std": 1.4767820035507926
        },
        "hazelnut": {
          "mean": -4.287362158298492,
          "std": 1.4125878290276148
        },
        "leather": {
          "mean": -4.336569619178772,
          "std": 3.3241218478188035
        },
        "metal_nut": {
          "mean": -2.366277152299881,
          "std": 1.0712398572153692
        },
        "pill": {
          "mean": -2.7437769412994384,
          "std": 1.092160046107032
        },
        "screw": {
          "mean": -3.07274606525898,
          "std": 2.0532044867326222
        },
        "tile": {
          "mean": -4.51362407207489,
          "std": 0.9927686623660847
        },
        "toothbrush": {
          "mean": -2.102663078904152,
          "std": 0.6567764851820936
        },
        "transistor": {
          "mean": -3.6424183279275892,
          "std": 1.7676062284000678
        },
        "wood": {
          "mean": -6.2113746166229244,
          "std": 0.9046529488673817
        },
        "zipper": {
          "mean": -1.8880022764205933,
          "std": 0.6175021074579681
        }
      }
    }
  ]
}