{
  "feature_source": "clip_global",
  "variant": "promptad_state_v1",
  "splits": [
    {
      "split_index": 0,
      "split_seed": 42,
      "best_epoch": 21,
      "best_metric": 0.8183333333333334,
      "normalization_stats": {
        "bottle": {
          "mean": -3.035775375366211,
          "std": 2.8963543183599345
        },
        "cable": {
          "mean": -1.865528365969658,
          "std": 1.2541569827545094
        },
        "capsule": {
          "mean": -1.2168330849148332,
          "std": 0.6474664111559817
        },
        "carpet": {
          "mean": -2.757180818915367,
          "std": 1.1081295460098233
        },
        "grid": {
          "mean": -1.137289473414421,
          "std": 1.687117345151815
        },
        "hazelnut": {
          "mean": -2.7923875570297243,
          "std": 3.568220437016643
        },
        "leather": {
          "mean": -3.5332452684640883,
          "std": 1.2328019785482758
        },
        "metal_nut": {
          "mean": -1.3820795319974422,
          "std": 0.8611466699570904
        },
        "pill": {
          "mean": -2.0761640533804893,
          "std": 0.9161604684585799
        },
        "screw": {
          "mean": -0.9673268555663526,
          "std": 0.8153999650294009
        },
        "tile": {
          "mean": -2.675599650293589,
          "std": 1.4831074887874673
        },
        "toothbrush": {
          "mean": -4.418874767422676,
          "std": 2.1875884007309256
        },
        "transistor": {
          "mean": -1.9063888244330882,
          "std": 0.8804769138445664
        },
        "wood": {
          "mean": -3.512950783967972,
          "std": 2.351580786365726
        },
        "zipper": {
          "mean": -1.2063244998455047,
          "std": 0.3339331524622117
        }
      }
    },
    {
      "split_index": 1,
      "split_seed": 43,
      "best_epoch": 30,
      "best_metric": 0.7661992945326279,
      "normalization_stats": {
        "bottle": {
          "mean": -3.229218363761902,
          "std": 2.586988203395057
        },
        "cable": {
          "mean": -4.458714228868485,
          "std": 1.8830076802366276
        },
        "capsule": {
          "mean": -2.5630091786384583,
          "std": 0.5991766313020103
        },
        "carpet": {
          "mean": -1.5348676919937134,
          "std": 3.368344773242006
        },
        "grid": {
          "mean": -4.024798884987831,
          "std": 1.9030355739405864
        },
        "hazelnut": {
          "mean": -4.6145624160766605,
          "std": 1.3989747254150988
        },
        "leather": {
          "mean": -3.408308893442154,
          "std": 1.5919093783240599
        },
        "metal_nut": {
          "mean": -1.803126478008926,
          "std": 1.1816996508650328
        },
        "pill": {
          "mean": -3.0950498223304748,
          "std": 1.0947430046251028
        },
        "screw": {
          "mean": -0.6869498580694199,
          "std": 1.2718648844812164
        },
        "tile": {
          "mean": -4.763634040951729,
          "std": 1.6388218443214206
        },
        "toothbrush": {
          "mean": -2.7110986799001693,
          "std": 1.9267404034214386
        },
        "transistor": {
          "mean": -2.496083843708038,
          "std": 0.8728029379896276
        },
        "wood": {
          "mean": -3.80948805809021,
          "std": 1.2529007583464762
        },
        "zipper": {
          "mean": -2.9851021766662598,
          "std": 1.0985933825827503
        }
      }
    },
    {
      "split_index": 2,
      "split_seed": 44,
      "best_epoch": 30,
      "best_metric": 0.8069091710758377,
      "normalization_stats": {
        "bottle": {
          "mean": -2.278188681602478,
          "std": 2.2684636088793906
        },
        "cable": {
          "mean": -3.1918924927711485,
          "std": 1.0537701680055347
        },
        "capsule": {
          "mean": -2.295765149593353,
          "std": 0.35860675440865275
        },
        "carpet": {
          "mean": -3.4045743227005003,
          "std": 2.1411759483464325
        },
        "grid": {
          "mean": -2.5078155398368835,
          "std": 1.4607563306683138
        },
        "hazelnut": {
          "mean": -2.105512496829033,
          "std": 2.9197753183356614
        },
        "leather": {
          "mean": -3.0481087386608126,
          "std": 3.232820583429253
        },
        "metal_nut": {
          "mean": -1.3497630834579468,
          "std": 0.65196180526244
        },
        "pill": {
          "mean": -3.29560968875885,
          "std": 0.8744182916768596
        },
        "screw": {
          "mean": -1.6909401116892695,
          "std": 1.0100401297253325
        },
        "tile": {
          "mean": -2.249646070599556,
          "std": 2.0770020514407306
        },
        "toothbrush": {
          "mean": -1.460351760685444,
          "std": 1.6308029390770786
        },
        "transistor": {
          "mean": -3.0283483505249023,
          "std": 1.0948872770736202
        },
        "wood": {
          "mean": -3.4349236130714416,
          "std": 2.1036412198949686
        },
        "zipper": {
          "mean": -2.4519648253917694,
          "std": 0.9268317511526142
        }
      }
    }
  ]
}